{
  "name": "bootswatch-ustclugFonts",
  "description": "Bootswatch is a collection of themes for Bootstrap, fonts comes from ustclug.org",
  "author": "supeRodv2",
  "homepage": "https://github.com/supgeek-rod/bootswatch-ustclugFonts",
  "repository": {
    "type": "git",
    "url": "https://github.com/supgeek-rod/bootswatch-ustclugFonts.git"
  },
  "license": "MIT",
  "ignore": [
    "2",
    "api",
    "assets",
    "bower_components",
    "custom",
    "default",
    "global",
    "help",
    "tests",
    "_config.yml",
    ".gitignore",
    ".travis.yml",
    "CNAME",
    "composer.json",
    "favicon.ico",
    "Gemfile",
    "Gruntfile.js",
    "index.html",
    "package.json",
    "*/index.html"
  ],
  "dependencies": {
    "bootstrap": "~3.3.7"
  },
  "devDependencies": {
    "bootstrap-sass-official": "~3.3.7",
    "font-awesome": "~4.0.0",
    "html5shiv": "~3.7.0",
    "respond": "~1.4.2"
  },
  "version": "3.3.76",
  "_release": "3.3.76",
  "_resolution": {
    "type": "version",
    "tag": "v3.3.76",
    "commit": "69c44f6dc17137c3581c826b0577a4ae4a2bee06"
  },
  "_source": "https://github.com/supgeek-rod/bootswatch-ustclugFonts.git",
  "_target": "~3.3.76",
  "_originalSource": "bootswatch-ustclugFonts"
}